Sample Time,Vehicle Speed,Engine Speed,Engine Fuel Rate,Vehicle Fuel Rate
00:00.0,0,700,0.26,0.26
00:00.0,0,696,0.26,0.26
00:00.1,0,699,0.26,0.26
00:00.1,0,700,0.26,0.26
00:00.2,0,703,0.26,0.26
00:00.3,0,707,0.26,0.26
00:00.3,0,710,0.26,0.26
00:00.4,0,708,0.26,0.26
00:00.5,0,710,0.26,0.26
00:00.5,0,710,0.26,0.26
00:00.6,0,714,0.26,0.26
00:00.6,0,706,0.26,0.26
00:00.7,0,697,0.26,0.26
00:00.8,0,692,0.26,0.26
00:00.8,0,699,0.26,0.26
00:00.9,0,701,0.26,0.26
00:01.0,0,710,0.26,0.26
00:01.0,0,717,0.26,0.26
00:01.0,0,715,0.26,0.26
00:01.1,0,718,0.26,0.26
00:01.2,0,715,0.26,0.26
00:01.2,0,714,0.26,0.26
00:01.3,0,714,0.26,0.26
00:01.4,0,703,0.26,0.26
00:01.4,0,697,0.26,0.26
00:01.5,0,696,0.26,0.26
00:01.5,0,697,0.26,0.26
00:01.6,0,699,0.26,0.26
00:01.7,0,707,0.26,0.26
00:01.7,0,707,0.26,0.26
00:01.8,0,714,0.26,0.26
00:01.8,0,709,0.26,0.26
00:01.9,0,710,0.26,0.26
00:01.9,0,707,0.26,0.26
00:02.0,0,709,0.26,0.26
00:02.0,0,702,0.26,0.26
00:02.1,0,696,0.26,0.26
00:02.1,0,690,0.26,0.26
00:02.2,0,690,0.26,0.26
00:02.2,0,693,0.26,0.26
00:02.3,0,695,0.26,0.26
00:02.3,0,700,0.26,0.26
00:02.4,0,707,0.26,0.26
00:02.5,0,707,0.26,0.26
00:02.5,0,704,0.26,0.26
00:02.6,0,705,0.26,0.26
00:02.6,0,702,0.26,0.26
00:02.7,0,701,0.26,0.26
00:02.8,0,694,0.26,0.26
00:02.8,0,686,0.26,0.26
00:02.9,0,684,0.26,0.26
00:03.0,0,693,0.26,0.26
00:03.0,0,697,0.26,0.26
00:03.1,0,711,0.26,0.26
00:03.1,0,716,0.26,0.26
00:03.2,0,715,0.26,0.26
00:03.3,0,715,0.26,0.26
00:03.3,0,717,0.26,0.26
00:03.4,0,717,0.26,0.26
00:03.4,0,709,0.26,0.26
00:03.5,0,703,0.26,0.26
00:03.5,0,700,0.26,0.26
00:03.6,0,703,0.26,0.26
00:03.6,0,700,0.26,0.26
00:03.7,0,698,0.26,0.26
00:03.8,0,708,0.26,0.26
00:03.8,0,707,0.26,0.26
00:03.9,0,708,0.26,0.26
00:03.9,0,709,0.26,0.26
00:04.0,0,709,0.26,0.26
00:04.1,0,705,0.26,0.26
00:04.1,0,700,0.26,0.26
00:04.2,0,691,0.26,0.26
00:04.3,0,688,0.26,0.26
00:04.3,0,691,0.26,0.26
00:04.4,0,691,0.26,0.26
00:04.4,0,696,0.26,0.26
00:04.5,0,706,0.26,0.26
00:04.5,0,703,0.26,0.26
00:04.6,0,706,0.26,0.26
00:04.6,0,703,0.26,0.26
00:04.7,0,706,0.26,0.26
00:04.8,0,706,0.26,0.26
00:04.8,0,705,0.26,0.26
00:04.9,0,696,0.26,0.26
00:04.9,0,689,0.26,0.26
00:05.0,0,695,0.26,0.26
00:05.1,0,695,0.26,0.26
00:05.2,0,698,0.26,0.26
00:05.2,0,710,0.26,0.26
00:05.3,0,715,0.26,0.26
00:05.3,0,713,0.26,0.26
00:05.4,0,711,0.26,0.26
00:05.5,0,714,0.26,0.26
00:05.5,0,707,0.26,0.26
00:05.6,0,696,0.26,0.26
00:05.7,0,691,0.26,0.26
00:05.7,0,694,0.26,0.26
00:05.8,0,695,0.26,0.26
00:05.9,0,703,0.26,0.26
00:05.9,0,709,0.26,0.26
00:06.0,0,712,0.26,0.26
00:06.0,0,710,0.26,0.26
00:06.1,0,710,0.26,0.26
00:06.2,0,710,0.26,0.26
00:06.3,0,700,0.26,0.26
00:06.3,0,689,0.26,0.26
00:06.4,0,692,0.26,0.26
00:06.5,0,694,0.26,0.26
00:06.6,0,702,0.26,0.26
00:06.6,0,710,0.26,0.26
00:06.7,0,716,0.26,0.26
00:06.8,0,713,0.26,0.26
00:06.8,0,715,0.26,0.26
00:06.9,0,713,0.26,0.26
00:07.0,0,700,0.26,0.26
00:07.0,0,696,0.26,0.26
00:07.1,0,698,0.26,0.26
00:07.2,0,699,0.26,0.26
00:07.2,0,699,0.26,0.26
00:07.3,0,710,0.26,0.26
00:07.3,0,709,0.26,0.26
00:07.4,0,710,0.26,0.26
00:07.5,0,708,0.26,0.26
00:07.5,0,710,0.26,0.26
00:07.6,0,709,0.26,0.26
00:07.7,0,700,0.26,0.26
00:07.7,0,692,0.26,0.26
00:07.8,0,692,0.26,0.26
00:07.9,0,696,0.26,0.26
00:07.9,0,697,0.26,0.26
00:08.0,0,710,0.26,0.26
00:08.1,0,714,0.26,0.26
00:08.2,0,714,0.26,0.26
00:08.3,0,713,0.26,0.26
00:08.3,0,710,0.26,0.26
00:08.4,0,697,0.26,0.26
00:08.5,0,689,0.24,0.24
00:08.5,0,697,0.24,0.24
00:08.6,0,699,0.24,0.24
00:08.7,0,710,0.24,0.24
00:08.7,0,714,0.24,0.24
00:08.8,0,714,0.24,0.24
00:08.9,0,713,0.24,0.24
00:08.9,0,714,0.26,0.26
00:09.0,0,714,0.26,0.26
00:09.0,0,709,0.26,0.26
00:09.1,0,697,0.26,0.26
00:09.2,0,699,0.26,0.26
00:09.2,0,697,0.26,0.26
00:09.3,0,698,0.26,0.26
00:09.3,0,696,0.26,0.26
00:09.4,0,710,0.26,0.26
00:09.5,0,710,0.26,0.26
00:09.5,0,709,0.26,0.26
00:09.6,0,707,0.26,0.26
00:09.7,0,705,0.26,0.26
00:09.8,0,696,0.26,0.26
00:09.8,0,686,0.26,0.26
00:09.9,0,687,0.26,0.26
00:10.0,0,693,0.26,0.26
00:10.0,0,699,0.24,0.24
00:10.1,0,709,0.24,0.24
00:10.2,0,710,0.24,0.24
00:10.2,0,710,0.24,0.24
00:10.3,0,712,0.24,0.24
00:10.4,0,710,0.24,0.24
00:10.4,0,696,0.24,0.24
00:10.5,0,685,0.26,0.26
00:10.6,0,684,0.26,0.26
00:10.7,0,682,0.26,0.26
00:10.7,0,695,0.26,0.26
00:10.8,0,730,0.26,0.26
00:10.9,0,781,0.26,0.26
00:10.9,0,799,0.26,0.26
00:11.0,0,810,0.26,0.26
00:11.1,0,801,0.3,0.3
00:11.2,0,752,0.3,0.3
00:11.2,0,701,0.3,0.3
00:11.3,0,689,0.3,0.3
00:11.3,0,679,0.3,0.3
00:11.4,0,696,0.3,0.3
00:11.5,0,724,0.3,0.3
00:11.5,0,729,0.3,0.3
00:11.6,0,717,0.36,0.36
00:11.7,0,712,0.36,0.36
00:11.7,0,707,0.36,0.36
00:11.8,0,702,0.36,0.36
00:11.9,0,701,0.36,0.36
00:11.9,0,701,0.36,0.36
00:12.0,0,700,0.36,0.36
00:12.1,0,697,0.36,0.36
00:12.2,0,696,0.38,0.38
00:12.2,0,691,0.38,0.38
00:12.3,0,690,0.38,0.38
00:12.4,0,689,0.38,0.38
00:12.4,0,690,0.38,0.38
00:12.5,0,704,0.38,0.38
00:12.6,0,696,0.38,0.38
00:12.6,0,692,0.36,0.36
00:12.7,0,703,0.36,0.36
00:12.8,0,710,0.36,0.36
00:12.8,0,710,0.36,0.36
00:12.9,0,713,0.36,0.36
00:13.0,0,711,0.36,0.36
00:13.0,0,706,0.36,0.36
00:13.1,0,705,0.36,0.36
00:13.2,0,700,0.36,0.36
00:13.2,0,691,0.36,0.36
00:13.3,0,689,0.36,0.36
00:13.4,0,691,0.36,0.36
00:13.4,0,689,0.36,0.36
00:13.5,0,689,0.36,0.36
00:13.6,0,691,0.36,0.36
00:13.7,0,692,0.32,0.32
00:13.7,0,696,0.32,0.32
00:13.8,0,701,0.32,0.32
00:13.9,0,699,0.32,0.32
00:13.9,0,695,0.32,0.32
00:14.0,0,697,0.32,0.32
00:14.0,0,701,0.32,0.32
00:14.1,0,699,0.32,0.32
00:14.2,0,702,0.32,0.32
00:14.2,0,703,0.32,0.32
00:14.3,0,710,0.32,0.32
00:14.4,0,714,0.32,0.32
00:14.4,0,714,0.32,0.32
00:14.5,0,725,0.32,0.32
00:14.6,3,738,0.32,0.32
00:14.7,3,761,0.32,0.32
00:14.7,3,790,0.34,0.34
00:14.8,3,814,0.34,0.34
00:14.9,3,840,0.34,0.34
00:14.9,3,898,0.34,0.34
00:15.0,3,946,0.34,0.34
00:15.1,3,994,0.34,0.34
00:15.1,3,1049,0.34,0.34
00:15.2,3,1106,0.34,0.34
00:15.3,3,1145,0.48,0.48
00:15.3,3,1200,0.48,0.48
00:15.4,3,1235,0.48,0.48
00:15.4,3,1275,0.48,0.48
00:15.5,5,1303,0.48,0.48
00:15.5,5,1327,0.48,0.48
00:15.6,5,1340,0.48,0.48
00:15.7,5,1351,0.48,0.48
00:15.8,5,1364,0.48,0.48
00:15.8,5,1393,0.76,0.76
00:15.9,5,1444,0.76,0.76
00:16.0,7,1515,0.76,0.76
00:16.0,7,1551,0.76,0.76
00:16.1,7,1578,0.76,0.76
00:16.1,7,1600,0.76,0.76
00:16.2,7,1629,0.76,0.76
00:16.3,7,1661,0.76,0.76
00:16.3,7,1721,1,1
00:16.4,7,1782,1,1
00:16.5,9,1861,1,1
00:16.5,9,1914,1,1
00:16.6,9,1995,1,1
00:16.7,9,2082,1,1
00:16.7,9,2148,1,1
00:16.8,9,2207,1.44,1.44
00:16.9,9,2232,1.44,1.44
00:16.9,12,2278,1.44,1.44
00:17.0,12,2353,1.44,1.44
00:17.1,12,2420,1.44,1.44
00:17.1,12,2482,1.44,1.44
00:17.2,12,2538,1.44,1.44
00:17.3,12,2567,1.44,1.44
00:17.4,15,2598,1.92,1.92
00:17.4,15,2638,1.92,1.92
00:17.5,15,2687,1.92,1.92
00:17.6,15,2709,1.92,1.92
00:17.6,15,2670,1.92,1.92
00:17.7,15,2585,1.92,1.92
00:17.7,15,2460,1.92,1.92
00:17.8,15,2375,1.92,1.92
00:17.9,18,2269,2.1,2.1
00:18.0,18,2142,2.1,2.1
00:18.0,18,2075,2.1,2.1
00:18.1,18,2007,2.1,2.1
00:18.1,18,1980,2.1,2.1
00:18.2,18,1964,2.1,2.1
00:18.3,18,1957,2.1,2.1
00:18.3,21,1957,2.1,2.1
00:18.4,21,1986,1.94,1.94
00:18.5,21,2033,1.94,1.94
00:18.5,21,2053,1.94,1.94
00:18.6,21,2062,1.94,1.94
00:18.6,21,2079,1.94,1.94
00:18.7,21,2107,1.94,1.94
00:18.7,21,2141,1.94,1.94
00:18.8,24,2169,1.94,1.94
00:18.8,24,2182,1.94,1.94
00:18.9,24,2197,1.94,1.94
00:18.9,24,2215,1.92,1.92
00:19.0,24,2246,1.92,1.92
00:19.0,24,2282,1.92,1.92
00:19.1,24,2314,1.92,1.92
00:19.2,24,2340,1.92,1.92
00:19.2,24,2352,1.92,1.92
00:19.3,28,2383,1.92,1.92
00:19.4,28,2446,1.92,1.92
00:19.4,28,2476,1.92,1.92
00:19.5,28,2488,2.16,2.16
00:19.6,28,2517,2.16,2.16
00:19.6,28,2552,2.16,2.16
00:19.7,28,2584,2.16,2.16
00:19.8,31,2566,2.16,2.16
00:19.8,31,2562,2.16,2.16
00:19.9,31,2504,2.16,2.16
00:20.0,31,2403,2.32,2.32
00:20.0,31,2239,2.32,2.32
00:20.1,31,2146,2.32,2.32
00:20.2,31,2023,2.32,2.32
00:20.2,34,1950,2.32,2.32
00:20.3,34,1871,2.32,2.32
00:20.3,34,1839,2.32,2.32
00:20.4,34,1806,2.32,2.32
00:20.5,34,1807,2.16,2.16
00:20.6,34,1793,2.16,2.16
00:20.7,36,1793,2.16,2.16
00:20.7,36,1802,2.16,2.16
00:20.8,36,1813,2.16,2.16
00:20.9,36,1805,2.16,2.16
00:20.9,36,1782,2.16,2.16
00:21.0,36,1784,1.82,1.82
00:21.1,36,1798,1.82,1.82
00:21.1,38,1790,1.82,1.82
00:21.2,38,1782,1.82,1.82
00:21.3,38,1793,1.82,1.82
00:21.3,38,1792,1.82,1.82
00:21.4,38,1781,1.82,1.82
00:21.5,38,1762,1.82,1.82
00:21.6,38,1750,1.14,1.14
00:21.6,37,1728,1.14,1.14
00:21.7,37,1704,1.14,1.14
00:21.8,37,1700,1.14,1.14
00:21.8,37,1696,1.14,1.14
00:21.9,37,1676,1.14,1.14
00:21.9,37,1650,1.14,1.14
00:22.0,37,1624,1.14,1.14
00:22.1,37,1578,0.44,0.44
00:22.1,37,1539,0.44,0.44
00:22.2,37,1496,0.44,0.44
00:22.3,37,1453,0.44,0.44
00:22.3,37,1420,0.44,0.44
00:22.4,37,1369,0.44,0.44
00:22.4,37,1340,0.44,0.44
00:22.5,37,1314,0.44,0.44
00:22.5,36,1285,0.44,0.44
00:22.6,36,1247,0.3,0.3
00:22.7,36,1219,0.3,0.3
00:22.7,36,1183,0.3,0.3
00:22.8,36,1129,0.3,0.3
00:22.9,36,1072,0.3,0.3
00:23.0,36,1025,0.3,0.3
00:23.0,33,996,0.3,0.3
00:23.1,33,961,0.24,0.24
00:23.2,33,930,0.24,0.24
00:23.3,33,897,0.24,0.24
00:23.3,33,886,0.24,0.24
00:23.4,33,878,0.24,0.24
00:23.5,30,868,0.24,0.24
00:23.6,30,865,0.24,0.24
00:23.6,30,856,0.22,0.22
00:23.7,30,845,0.22,0.22
00:23.8,30,832,0.22,0.22
00:23.8,30,821,0.22,0.22
00:23.8,30,810,0.22,0.22
00:23.9,30,796,0.22,0.22
00:23.9,27,785,0.22,0.22
00:24.0,27,780,0.22,0.22
00:24.1,27,781,0.22,0.22
00:24.1,27,791,0.22,0.22
00:24.2,27,800,0.24,0.24
00:24.2,27,815,0.24,0.24
00:24.3,27,828,0.24,0.24
00:24.4,27,825,0.24,0.24
00:24.5,23,802,0.24,0.24
00:24.5,23,784,0.24,0.24
00:24.6,23,755,0.24,0.24
00:24.7,23,721,0.28,0.28
00:24.8,23,693,0.28,0.28
00:24.8,23,685,0.28,0.28
00:24.9,23,685,0.28,0.28
00:24.9,18,691,0.28,0.28
00:25.0,18,703,0.28,0.28
00:25.0,18,709,0.28,0.28
00:25.1,18,717,0.28,0.28
00:25.1,18,721,0.28,0.28
00:25.2,18,729,0.28,0.28
00:25.2,18,733,0.3,0.3
00:25.3,18,738,0.3,0.3
00:25.4,14,732,0.3,0.3
00:25.4,14,720,0.3,0.3
00:25.5,14,715,0.3,0.3
00:25.5,14,704,0.3,0.3
00:25.6,14,696,0.3,0.3
00:25.7,14,693,0.3,0.3
00:25.8,14,686,0.3,0.3
00:25.8,14,681,0.3,0.3
00:25.9,10,682,0.3,0.3
00:25.9,10,676,0.3,0.3
00:26.0,10,674,0.3,0.3
00:26.0,10,671,0.3,0.3
00:26.1,10,669,0.3,0.3
00:26.2,10,671,0.3,0.3
00:26.2,10,676,0.3,0.3
00:26.3,7,688,0.3,0.3
00:26.4,7,698,0.3,0.3
00:26.5,7,703,0.3,0.3
00:26.5,7,708,0.3,0.3
00:26.6,7,705,0.3,0.3
00:26.7,7,705,0.3,0.3
00:26.8,7,700,0.3,0.3
00:26.8,5,699,0.32,0.32
00:26.9,5,701,0.32,0.32
00:26.9,5,697,0.32,0.32
00:27.0,5,696,0.32,0.32
00:27.1,5,701,0.32,0.32
00:27.2,5,698,0.32,0.32
00:27.2,5,696,0.32,0.32
00:27.3,3,694,0.32,0.32
00:27.4,3,689,0.32,0.32
00:27.4,3,685,0.32,0.32
00:27.5,3,682,0.32,0.32
00:27.6,3,682,0.32,0.32
00:27.7,3,687,0.32,0.32
00:27.7,3,689,0.32,0.32
00:27.8,3,696,0.32,0.32
00:27.9,3,700,0.32,0.32
00:28.0,3,695,0.32,0.32
00:28.0,3,699,0.32,0.32
00:28.1,3,698,0.32,0.32
00:28.2,3,693,0.32,0.32
00:28.2,3,692,0.32,0.32
00:28.3,3,691,0.32,0.32
00:28.4,3,693,0.3,0.3
00:28.5,3,697,0.3,0.3
00:28.5,3,695,0.3,0.3
00:28.6,3,699,0.3,0.3
00:28.7,3,696,0.3,0.3
00:28.7,3,693,0.3,0.3
00:28.8,3,690,0.3,0.3
00:28.9,3,682,0.3,0.3
00:28.9,3,684,0.3,0.3
00:29.0,3,684,0.3,0.3
00:29.1,3,685,0.3,0.3
00:29.2,3,689,0.3,0.3
00:29.2,3,690,0.3,0.3
00:29.3,3,690,0.3,0.3
00:29.4,3,692,0.3,0.3
00:29.5,3,692,0.3,0.3
00:29.5,3,689,0.3,0.3
00:29.6,3,701,0.3,0.3
00:29.7,3,717,0.3,0.3
00:29.7,3,754,0.3,0.3
00:29.8,3,769,0.3,0.3
00:29.9,3,778,0.3,0.3
00:30.0,3,778,0.34,0.34
00:30.0,3,775,0.34,0.34
00:30.1,0,772,0.34,0.34
00:30.2,0,761,0.34,0.34
00:30.2,0,742,0.34,0.34
00:30.3,0,741,0.34,0.34
00:30.4,0,812,0.34,0.34
00:30.5,0,929,0.4,0.4
00:30.5,0,1002,0.4,0.4
00:30.6,0,1074,0.4,0.4
00:30.7,0,1104,0.4,0.4
00:30.7,0,1128,0.4,0.4
00:30.8,0,1139,0.4,0.4
00:30.9,0,1155,0.4,0.4
00:30.9,0,1151,0.4,0.4
00:31.0,0,1140,0.58,0.58
00:31.0,0,1117,0.58,0.58
00:31.1,0,1076,0.58,0.58
00:31.2,0,1045,0.58,0.58
00:31.2,0,1040,0.58,0.58
00:31.3,0,1040,0.58,0.58
00:31.4,0,1054,0.58,0.58
00:31.5,0,1075,0.58,0.58
00:31.5,4,1097,0.66,0.66
00:31.6,4,1107,0.66,0.66
00:31.7,4,1119,0.66,0.66
00:31.8,4,1130,0.66,0.66
00:31.8,4,1137,0.66,0.66
00:31.9,4,1151,0.66,0.66
00:32.0,6,1170,0.66,0.66
00:32.1,6,1187,0.56,0.56
00:32.1,6,1205,0.56,0.56
00:32.2,6,1214,0.56,0.56
00:32.3,6,1225,0.56,0.56
00:32.4,6,1232,0.56,0.56
00:32.4,6,1243,0.56,0.56
00:32.5,8,1257,0.56,0.56
00:32.6,8,1261,0.58,0.58
00:32.6,8,1263,0.58,0.58
00:32.7,8,1261,0.58,0.58
00:32.8,8,1267,0.58,0.58
00:32.9,8,1276,0.58,0.58
00:32.9,8,1288,0.58,0.58
00:33.0,8,1298,0.58,0.58
00:33.0,8,1306,0.58,0.58
00:33.1,8,1321,0.54,0.54
00:33.2,8,1328,0.54,0.54
00:33.2,8,1333,0.54,0.54
00:33.3,8,1332,0.54,0.54
00:33.4,8,1320,0.54,0.54
00:33.5,8,1307,0.54,0.54
00:33.5,8,1300,0.54,0.54
00:33.6,8,1293,0.54,0.54
00:33.6,8,1285,0.46,0.46
00:33.7,8,1275,0.46,0.46
00:33.7,8,1268,0.46,0.46
00:33.8,8,1259,0.46,0.46
00:33.9,10,1239,0.46,0.46
00:34.0,10,1218,0.46,0.46
00:34.0,10,1200,0.46,0.46
00:34.0,10,1187,0.46,0.46
00:34.1,10,1177,0.36,0.36
00:34.2,10,1166,0.36,0.36
00:34.2,10,1143,0.36,0.36
00:34.3,10,1128,0.36,0.36
00:34.3,10,1112,0.36,0.36
00:34.4,10,1094,0.36,0.36
00:34.5,10,1070,0.36,0.36
00:34.5,10,1056,0.36,0.36
00:34.5,10,1042,0.36,0.36
00:34.6,10,1032,0.36,0.36
00:34.7,10,1016,0.26,0.26
00:34.8,10,1005,0.26,0.26
00:34.8,9,995,0.26,0.26
00:34.9,9,982,0.26,0.26
00:35.0,9,967,0.26,0.26
00:35.1,9,951,0.26,0.26
00:35.1,9,936,0.26,0.26
00:35.2,9,920,0.22,0.22
00:35.3,9,910,0.22,0.22
00:35.3,9,902,0.22,0.22
00:35.4,9,890,0.22,0.22
00:35.5,9,883,0.22,0.22
00:35.5,9,880,0.22,0.22
00:35.6,9,872,0.22,0.22
00:35.6,9,870,0.22,0.22
00:35.7,9,867,0.24,0.24
00:35.8,9,859,0.24,0.24
00:35.8,9,851,0.24,0.24
00:35.9,9,846,0.24,0.24
00:36.0,9,840,0.24,0.24
00:36.0,9,838,0.24,0.24
00:36.1,9,836,0.24,0.24
00:36.2,9,841,0.24,0.24
00:36.3,8,842,0.26,0.26
00:36.3,8,840,0.26,0.26
00:36.4,8,839,0.26,0.26
00:36.5,8,835,0.26,0.26
00:36.6,8,834,0.26,0.26
00:36.6,8,832,0.26,0.26
00:36.7,7,828,0.26,0.26
00:36.8,7,826,0.26,0.26
00:36.8,7,823,0.26,0.26
00:36.9,7,824,0.26,0.26
00:36.9,7,823,0.26,0.26
00:37.0,7,817,0.26,0.26
00:37.1,7,809,0.26,0.26
00:37.2,6,802,0.26,0.26
00:37.2,6,793,0.26,0.26
00:37.3,6,782,0.26,0.26
00:37.4,6,770,0.26,0.26
00:37.4,6,761,0.26,0.26
00:37.5,6,753,0.26,0.26
00:37.6,6,753,0.26,0.26
00:37.6,6,746,0.26,0.26
00:37.7,6,739,0.26,0.26
00:37.7,6,730,0.26,0.26
00:37.8,6,714,0.26,0.26
00:37.9,6,698,0.26,0.26
00:38.0,6,685,0.26,0.26
00:38.0,6,680,0.26,0.26
00:38.1,5,685,0.26,0.26
00:38.2,5,694,0.26,0.26
00:38.3,5,701,0.26,0.26
00:38.3,5,702,0.28,0.28
00:38.4,5,703,0.28,0.28
00:38.5,5,704,0.28,0.28
00:38.5,4,703,0.28,0.28
00:38.6,4,696,0.28,0.28
00:38.7,4,692,0.28,0.28
00:38.7,4,695,0.28,0.28
00:38.8,4,697,0.28,0.28
00:38.9,4,700,0.3,0.3
00:38.9,4,701,0.3,0.3
00:39.0,4,707,0.3,0.3
00:39.1,3,710,0.3,0.3
00:39.1,3,710,0.3,0.3
00:39.2,3,710,0.3,0.3
00:39.3,3,706,0.3,0.3
00:39.4,3,702,0.32,0.32
00:39.4,3,703,0.32,0.32
00:39.5,3,704,0.32,0.32
00:39.6,3,700,0.32,0.32
00:39.6,3,704,0.32,0.32
00:39.7,3,705,0.32,0.32
00:39.8,3,705,0.32,0.32
00:39.8,3,703,0.32,0.32
00:39.9,3,700,0.3,0.3
00:40.0,3,698,0.3,0.3
00:40.0,3,689,0.3,0.3
00:40.1,3,689,0.3,0.3
00:40.2,3,690,0.3,0.3
00:40.2,3,692,0.3,0.3
00:40.3,3,694,0.3,0.3
00:40.4,3,698,0.3,0.3
00:40.4,3,700,0.3,0.3
00:40.5,3,701,0.3,0.3
00:40.6,3,701,0.3,0.3
00:40.7,3,700,0.3,0.3
00:40.7,3,698,0.3,0.3
00:40.8,3,692,0.3,0.3
00:40.9,3,695,0.3,0.3
00:40.9,3,697,0.3,0.3
00:41.0,3,696,0.3,0.3
00:41.1,3,697,0.3,0.3
00:41.1,3,698,0.3,0.3
00:41.2,3,703,0.3,0.3
00:41.3,3,701,0.3,0.3
00:41.4,3,696,0.3,0.3
00:41.5,3,692,0.32,0.32
00:41.5,3,693,0.32,0.32
00:41.6,3,691,0.32,0.32
00:41.7,3,689,0.32,0.32
00:41.8,3,693,0.32,0.32
00:41.8,3,697,0.32,0.32
00:41.9,0,700,0.32,0.32
00:42.0,0,697,0.32,0.32
00:42.0,0,696,0.32,0.32
00:42.1,0,691,0.32,0.32
00:42.2,0,692,0.32,0.32
00:42.3,0,692,0.32,0.32
00:42.3,0,692,0.32,0.32
00:42.4,0,695,0.32,0.32
00:42.5,0,700,0.32,0.32
00:42.5,0,696,0.32,0.32
00:42.6,0,700,0.32,0.32
00:42.6,0,700,0.32,0.32
00:42.7,0,701,0.32,0.32
00:42.8,0,699,0.32,0.32
00:42.9,0,690,0.32,0.32
00:42.9,0,689,0.32,0.32
00:43.0,0,691,0.32,0.32
00:43.1,0,692,0.3,0.3
00:43.1,0,693,0.3,0.3
00:43.2,0,697,0.3,0.3
00:43.2,0,696,0.3,0.3
00:43.3,0,698,0.3,0.3
00:43.4,0,699,0.3,0.3
00:43.4,0,697,0.3,0.3
00:43.5,0,697,0.3,0.3
00:43.6,0,692,0.3,0.3
00:43.6,0,693,0.3,0.3
00:43.7,0,694,0.3,0.3
00:43.7,0,694,0.3,0.3
00:43.8,0,695,0.3,0.3
00:43.9,0,700,0.3,0.3
00:43.9,0,699,0.3,0.3
00:44.0,0,696,0.3,0.3
00:44.1,0,699,0.3,0.3
00:44.1,0,698,0.3,0.3
00:44.2,0,700,0.3,0.3
00:44.2,0,696,0.3,0.3
00:44.3,0,690,0.3,0.3
00:44.3,0,691,0.3,0.3
00:44.4,0,692,0.3,0.3
00:44.5,0,692,0.3,0.3
00:44.5,0,695,0.3,0.3
00:44.6,0,700,0.3,0.3
00:44.7,0,703,0.3,0.3
00:44.8,0,699,0.3,0.3
00:44.8,0,700,0.3,0.3
00:44.9,0,699,0.3,0.3
00:44.9,0,693,0.3,0.3
00:45.0,0,693,0.3,0.3
00:45.0,0,692,0.3,0.3
00:45.1,0,695,0.3,0.3
00:45.1,0,695,0.32,0.32
00:45.2,0,696,0.32,0.32
00:45.3,0,700,0.32,0.32
00:45.3,0,700,0.32,0.32
00:45.4,0,705,0.32,0.32
00:45.5,0,706,0.32,0.32
00:45.5,0,704,0.32,0.32
00:45.6,0,704,0.32,0.32
00:45.7,0,693,0.32,0.32
00:45.7,0,695,0.32,0.32
00:45.8,0,696,0.32,0.32
00:45.9,0,699,0.32,0.32
00:45.9,0,699,0.32,0.32
00:46.0,0,703,0.32,0.32
00:46.1,0,704,0.32,0.32
00:46.2,0,703,0.32,0.32
00:46.2,0,702,0.3,0.3
00:46.3,0,700,0.3,0.3
00:46.3,0,696,0.3,0.3
00:46.4,0,696,0.3,0.3
00:46.5,0,696,0.3,0.3
00:46.5,0,696,0.3,0.3
00:46.6,0,692,0.3,0.3
00:46.7,0,697,0.3,0.3
00:46.7,0,696,0.3,0.3
00:46.8,0,700,0.3,0.3
00:46.9,0,700,0.3,0.3
00:47.0,0,697,0.3,0.3
00:47.0,0,692,0.3,0.3
00:47.1,0,693,0.3,0.3
00:47.2,0,694,0.3,0.3
00:47.2,0,697,0.3,0.3
00:47.3,0,698,0.3,0.3
00:47.4,0,703,0.3,0.3
00:47.5,0,702,0.3,0.3
00:47.5,0,700,0.3,0.3
00:47.6,0,698,0.3,0.3
00:47.6,0,699,0.3,0.3
00:47.7,0,696,0.3,0.3
00:47.8,0,690,0.32,0.32
00:47.9,0,692,0.32,0.32
00:47.9,0,692,0.32,0.32
00:48.0,0,693,0.32,0.32
00:48.0,0,696,0.32,0.32
00:48.1,0,698,0.32,0.32
00:48.2,0,697,0.32,0.32
00:48.3,0,696,0.32,0.32
00:48.3,0,694,0.32,0.32
00:48.4,0,695,0.32,0.32
00:48.4,0,690,0.32,0.32
00:48.5,0,689,0.32,0.32
00:48.5,0,688,0.32,0.32
00:48.6,0,689,0.32,0.32
00:48.7,0,693,0.32,0.32
00:48.8,0,699,0.3,0.3
00:48.8,0,700,0.3,0.3
00:48.9,0,701,0.3,0.3
00:49.0,0,703,0.3,0.3
00:49.1,0,703,0.3,0.3
00:49.1,0,696,0.3,0.3
00:49.2,0,696,0.3,0.3
00:49.3,0,700,0.3,0.3
00:49.4,0,697,0.3,0.3
00:49.4,0,695,0.3,0.3
00:49.5,0,701,0.3,0.3
00:49.5,0,703,0.3,0.3
00:49.6,0,700,0.3,0.3
00:49.7,0,701,0.3,0.3
00:49.8,0,700,0.3,0.3
00:49.8,0,692,0.3,0.3
00:49.9,0,690,0.3,0.3
00:50.0,0,693,0.3,0.3
00:50.1,0,692,0.3,0.3
00:50.2,0,698,0.3,0.3
00:50.2,0,699,0.3,0.3
00:50.3,0,700,0.3,0.3
00:50.3,0,701,0.32,0.32
00:50.4,0,700,0.32,0.32
00:50.5,0,700,0.32,0.32
00:50.5,0,697,0.32,0.32
00:50.6,0,695,0.32,0.32
00:50.6,0,696,0.32,0.32
00:50.7,0,697,0.32,0.32
00:50.8,0,696,0.32,0.32
00:50.8,0,700,0.32,0.32
00:50.9,0,702,0.32,0.32
00:51.0,0,703,0.32,0.32
00:51.0,0,700,0.32,0.32
00:51.1,0,702,0.32,0.32
00:51.1,0,703,0.32,0.32
00:51.2,0,694,0.32,0.32
00:51.3,0,692,0.32,0.32
00:51.3,0,693,0.32,0.32
00:51.4,0,694,0.32,0.32
00:51.5,0,694,0.32,0.32
00:51.5,0,696,0.32,0.32
00:51.6,0,700,0.32,0.32
00:51.6,0,696,0.32,0.32
00:51.7,0,698,0.32,0.32
00:51.8,0,696,0.32,0.32
00:51.8,0,696,0.32,0.32
00:51.9,0,692,0.32,0.32
00:52.0,0,692,0.32,0.32
00:52.0,0,691,0.32,0.32
00:52.1,0,689,0.32,0.32
00:52.2,0,690,0.32,0.32
00:52.3,0,695,0.32,0.32
00:52.3,0,697,0.32,0.32
00:52.4,0,701,0.32,0.32
00:52.5,0,699,0.3,0.3
00:52.6,0,697,0.3,0.3
00:52.7,0,692,0.3,0.3
00:52.7,0,694,0.3,0.3
00:52.8,0,692,0.3,0.3
00:52.9,0,694,0.3,0.3
00:52.9,0,693,0.3,0.3
00:53.0,0,697,0.3,0.3
00:53.0,0,695,0.3,0.3
00:53.1,0,696,0.3,0.3
00:53.1,0,696,0.3,0.3
00:53.2,0,698,0.3,0.3
00:53.3,0,697,0.3,0.3
00:53.3,0,692,0.3,0.3
00:53.4,0,692,0.3,0.3
00:53.5,0,692,0.3,0.3
00:53.5,0,693,0.32,0.32
00:53.6,0,693,0.32,0.32
00:53.7,0,698,0.32,0.32
00:53.7,0,696,0.32,0.32
00:53.8,0,696,0.32,0.32
00:53.9,0,698,0.32,0.32
00:53.9,0,696,0.32,0.32
00:54.0,0,696,0.32,0.32
00:54.1,0,687,0.32,0.32
00:54.1,0,691,0.32,0.32
00:54.2,0,692,0.32,0.32
00:54.3,0,693,0.32,0.32
00:54.3,0,695,0.32,0.32
00:54.4,0,697,0.32,0.32
00:54.5,0,698,0.32,0.32
00:54.5,0,696,0.32,0.32
00:54.6,0,697,0.32,0.32
00:54.7,0,691,0.32,0.32
00:54.8,0,686,0.32,0.32
00:54.9,0,690,0.32,0.32
00:54.9,0,693,0.32,0.32
00:55.0,0,691,0.32,0.32
00:55.0,0,696,0.32,0.32
00:55.1,0,698,0.32,0.32
00:55.2,0,696,0.32,0.32
00:55.3,0,696,0.32,0.32
00:55.3,0,695,0.32,0.32
00:55.3,0,695,0.32,0.32
00:55.4,0,692,0.32,0.32
00:55.5,0,689,0.32,0.32
00:55.5,0,690,0.32,0.32
00:55.6,0,691,0.32,0.32
00:55.7,0,696,0.32,0.32
00:55.8,0,698,0.32,0.32
00:55.8,0,698,0.32,0.32
00:55.9,0,700,0.32,0.32
00:56.0,0,695,0.32,0.32
00:56.1,0,694,0.32,0.32
00:56.1,0,689,0.32,0.32
00:56.2,0,692,0.32,0.32
00:56.3,0,694,0.32,0.32
00:56.4,0,693,0.32,0.32
00:56.5,0,697,0.32,0.32
00:56.5,0,700,0.32,0.32
00:56.6,0,700,0.32,0.32
00:56.7,0,695,0.32,0.32
00:56.7,0,693,0.32,0.32
00:56.8,0,693,0.32,0.32
00:56.8,0,685,0.32,0.32
00:56.9,0,686,0.32,0.32
00:57.0,0,689,0.32,0.32
00:57.0,0,691,0.32,0.32
00:57.1,0,692,0.32,0.32
00:57.2,0,695,0.32,0.32
00:57.3,0,692,0.32,0.32
00:57.3,0,692,0.32,0.32
00:57.4,0,691,0.32,0.32
00:57.5,0,690,0.32,0.32
00:57.6,0,685,0.32,0.32
00:57.7,0,683,0.32,0.32
00:57.7,0,685,0.32,0.32
00:57.8,0,689,0.32,0.32
00:57.9,0,695,0.32,0.32
00:57.9,0,692,0.32,0.32
00:58.0,0,695,0.32,0.32
00:58.1,0,695,0.32,0.32
00:58.1,0,693,0.32,0.32
00:58.2,0,695,0.32,0.32
00:58.2,0,687,0.32,0.32
00:58.3,0,687,0.32,0.32
00:58.4,0,689,0.32,0.32
00:58.5,0,692,0.32,0.32
00:58.5,0,694,0.32,0.32
00:58.6,0,698,0.32,0.32
00:58.7,0,699,0.32,0.32
00:58.7,0,697,0.32,0.32
00:58.8,0,697,0.32,0.32
00:58.8,0,694,0.32,0.32
00:58.9,0,688,0.32,0.32
00:59.0,0,683,0.32,0.32
00:59.0,0,685,0.32,0.32
00:59.1,0,688,0.32,0.32
00:59.2,0,686,0.32,0.32
00:59.2,0,689,0.32,0.32
00:59.3,0,692,0.32,0.32
00:59.3,0,695,0.32,0.32
00:59.4,0,694,0.32,0.32
00:59.4,0,695,0.32,0.32
00:59.5,0,692,0.32,0.32
00:59.6,0,691,0.32,0.32
00:59.7,0,684,0.32,0.32
00:59.7,0,686,0.32,0.32
00:59.8,0,686,0.32,0.32
00:59.9,0,685,0.32,0.32
00:59.9,0,687,0.32,0.32
01:00.0,0,692,0.32,0.32
01:00.0,0,689,0.32,0.32
01:00.1,0,689,0.32,0.32
01:00.2,0,687,0.32,0.32
01:00.3,0,685,0.32,0.32
01:00.3,0,678,0.32,0.32
01:00.4,0,680,0.32,0.32
01:00.5,0,692,0.32,0.32
01:00.5,0,733,0.32,0.32
01:00.6,0,824,0.32,0.32
01:00.7,0,898,0.32,0.32
01:00.8,0,935,0.32,0.32
01:00.9,0,962,0.4,0.4
01:00.9,0,1003,0.4,0.4
01:01.0,0,1056,0.4,0.4
01:01.1,0,1097,0.4,0.4
01:01.1,0,1186,0.4,0.4
01:01.2,0,1258,0.4,0.4
01:01.3,0,1296,0.4,0.4
01:01.3,0,1328,0.4,0.4
01:01.4,0,1384,0.76,0.76
01:01.4,0,1416,0.76,0.76
01:01.5,0,1449,0.76,0.76
01:01.5,0,1478,0.76,0.76
01:01.6,0,1510,0.76,0.76
01:01.7,3,1546,0.76,0.76
01:01.8,3,1583,0.76,0.76
01:01.8,3,1614,0.76,0.76
01:01.9,3,1640,1.34,1.34
01:02.0,3,1655,1.34,1.34
01:02.0,3,1672,1.34,1.34
01:02.1,3,1709,1.34,1.34
01:02.2,5,1756,1.34,1.34
01:02.2,5,1808,1.34,1.34
01:02.3,5,1847,1.34,1.34
01:02.4,5,1891,1.34,1.34
01:02.4,5,1969,1.8,1.8
01:02.5,5,2024,1.8,1.8
01:02.6,8,2099,1.8,1.8
01:02.6,8,2169,1.8,1.8
01:02.7,8,2203,1.8,1.8
01:02.8,8,2280,1.8,1.8
01:02.8,8,2325,1.8,1.8
01:02.9,8,2426,1.8,1.8
01:03.0,8,2513,2.28,2.28
01:03.1,12,2623,2.28,2.28
01:03.1,12,2717,2.28,2.28
01:03.2,12,2763,2.28,2.28
01:03.3,12,2851,2.28,2.28
01:03.3,12,2910,2.28,2.28
01:03.4,12,3007,2.28,2.28
01:03.5,12,3109,2.98,2.98
01:03.6,16,3204,2.98,2.98
01:03.6,16,3285,2.98,2.98
01:03.7,16,3365,2.98,2.98
01:03.8,16,3481,2.98,2.98
01:03.8,16,3564,2.98,2.98
01:03.9,16,3633,2.98,2.98
01:04.0,16,3742,2.98,2.98
01:04.0,19,3814,3.8,3.8
01:04.1,19,3901,3.8,3.8
01:04.2,19,3971,3.8,3.8
01:04.3,19,4080,3.8,3.8
01:04.3,19,4157,3.8,3.8
01:04.4,19,4246,3.8,3.8
01:04.5,24,4344,3.8,3.8
01:04.5,24,4370,4.72,4.72
01:04.6,24,4385,4.72,4.72
01:04.6,24,4400,4.72,4.72
01:04.7,24,4432,4.72,4.72
01:04.8,24,4485,4.72,4.72
01:04.8,24,4406,4.72,4.72
01:04.9,24,4217,4.72,4.72
01:05.0,29,3976,4.72,4.72
01:05.0,29,3779,6.02,6.02
01:05.1,29,3564,6.02,6.02
01:05.2,29,3365,6.02,6.02
01:05.2,29,3177,6.02,6.02
01:05.3,29,3050,6.02,6.02
01:05.3,29,3023,6.02,6.02
01:05.4,33,3093,6.02,6.02
01:05.5,33,3150,6.02,6.02
01:05.5,33,3169,6.02,6.02
01:05.6,33,3191,5.88,5.88
01:05.7,33,3215,5.88,5.88
01:05.8,33,3243,5.88,5.88
01:05.8,33,3268,5.88,5.88
01:05.9,35,3294,5.88,5.88
01:06.0,35,3312,5.88,5.88
01:06.0,35,3315,5.88,5.88
01:06.1,35,3324,4.44,4.44
01:06.2,35,3350,4.44,4.44
01:06.2,35,3378,4.44,4.44
01:06.3,35,3414,4.44,4.44
01:06.4,38,3442,4.44,4.44
01:06.5,38,3468,4.44,4.44
01:06.5,38,3494,4.44,4.44
01:06.6,38,3517,4.44,4.44
01:06.7,38,3550,4.18,4.18
01:06.8,38,3574,4.18,4.18
01:06.8,42,3595,4.18,4.18
01:06.9,42,3612,4.18,4.18
01:06.9,42,3626,4.18,4.18
01:07.0,42,3640,4.18,4.18
01:07.1,42,3661,4.18,4.18
01:07.2,42,3686,4.58,4.58
01:07.2,42,3712,4.58,4.58
01:07.3,44,3727,4.58,4.58
01:07.4,44,3742,4.58,4.58
01:07.4,44,3746,4.58,4.58
01:07.5,44,3760,4.58,4.58
01:07.5,44,3760,4.58,4.58
01:07.6,44,3764,4.58,4.58
01:07.7,44,3764,4.88,4.88
01:07.7,44,3768,4.88,4.88
01:07.8,47,3783,4.88,4.88
01:07.9,47,3810,4.88,4.88
01:07.9,47,3842,4.88,4.88
01:08.0,47,3865,4.88,4.88
01:08.0,47,3889,4.88,4.88
01:08.1,47,3926,4.88,4.88
01:08.2,47,3955,5.1,5.1
01:08.3,50,3980,5.1,5.1
01:08.3,50,4018,5.1,5.1
01:08.4,50,4044,5.1,5.1
01:08.5,50,4071,5.1,5.1
01:08.5,50,4093,5.1,5.1
01:08.6,50,4129,5.1,5.1
01:08.7,50,4171,5.1,5.1
01:08.7,53,4189,5.44,5.44
01:08.8,53,4232,5.44,5.44
01:08.9,53,4270,5.44,5.44
01:09.0,53,4304,5.44,5.44
01:09.1,53,4339,5.44,5.44
01:09.1,53,4360,5.44,5.44
01:09.2,56,4390,5.44,5.44
01:09.3,56,4421,5.98,5.98
01:09.3,56,4453,5.98,5.98
01:09.4,56,4485,5.98,5.98
01:09.5,56,4512,5.98,5.98
01:09.5,56,4528,5.98,5.98
01:09.6,56,4490,5.98,5.98
01:09.7,58,4485,5.98,5.98
01:09.8,58,4437,5.98,5.98
01:09.8,58,4199,6.36,6.36
01:09.9,58,3946,6.36,6.36
01:10.0,58,3712,6.36,6.36
01:10.0,58,3427,6.36,6.36
01:10.1,61,3213,6.36,6.36
01:10.2,61,3140,6.36,6.36
01:10.3,61,3121,6.36,6.36
01:10.3,61,3114,6.26,6.26
01:10.4,61,3111,6.26,6.26
01:10.5,61,3101,6.26,6.26
01:10.5,61,3083,6.26,6.26
01:10.6,64,3096,6.26,6.26
01:10.7,64,3109,6.26,6.26
01:10.7,64,3114,6.26,6.26
01:10.8,64,3121,4.94,4.94
01:10.9,64,3129,4.94,4.94
01:11.0,64,3142,4.94,4.94
01:11.0,64,3153,4.94,4.94
01:11.1,66,3156,4.94,4.94
01:11.1,66,3161,4.94,4.94
01:11.2,66,3171,4.94,4.94
01:11.3,66,3185,4.94,4.94
01:11.4,66,3196,3.84,3.84
01:11.4,66,3204,3.84,3.84
01:11.5,66,3218,3.84,3.84
01:11.6,66,3235,3.84,3.84
01:11.6,66,3240,3.84,3.84
01:11.7,66,3243,3.84,3.84
01:11.8,66,3254,3.84,3.84
01:11.8,66,3268,3.84,3.84
01:11.9,66,3277,3.98,3.98
01:12.0,66,3283,3.98,3.98
01:12.0,68,3289,3.98,3.98
01:12.1,68,3292,3.98,3.98
01:12.2,68,3292,3.98,3.98
01:12.2,68,3294,3.98,3.98
01:12.3,68,3300,3.98,3.98
01:12.4,68,3289,3.82,3.82
01:12.4,68,3263,3.82,3.82
01:12.5,68,3268,3.82,3.82
01:12.6,68,3285,3.82,3.82
01:12.6,68,3285,3.82,3.82
01:12.7,68,3271,3.82,3.82
01:12.7,68,3254,3.82,3.82
01:12.8,68,3235,3.82,3.82
01:12.9,68,3213,3.82,3.82
01:13.0,70,3164,2.26,2.26
01:13.0,70,3040,2.26,2.26
01:13.1,70,2931,2.26,2.26
01:13.2,70,2834,2.26,2.26
01:13.3,70,2726,2.26,2.26
01:13.3,70,2659,2.26,2.26
01:13.4,70,2546,2.26,2.26
01:13.4,70,2475,0.54,0.54
01:13.5,70,2388,0.54,0.54
01:13.6,70,2300,0.54,0.54
01:13.6,70,2246,0.54,0.54
01:13.7,70,2154,0.54,0.54
01:13.8,70,2141,0.54,0.54
01:13.9,68,2182,0.54,0.54
01:13.9,68,2221,0.54,0.54
01:14.0,68,2290,0.06,0.06
01:14.1,68,2320,0.06,0.06
01:14.1,68,2332,0.06,0.06
01:14.2,68,2324,0.06,0.06
01:14.3,68,2314,0.06,0.06
01:14.4,67,2310,0.06,0.06
01:14.4,67,2301,0.06,0.06
01:14.5,67,2291,0,0
01:14.6,67,2283,0,0
01:14.6,67,2278,0,0
01:14.7,67,2269,0,0
01:14.8,67,2260,0,0
01:14.9,66,2253,0,0
01:14.9,66,2246,0,0
01:15.0,66,2239,0,0
01:15.1,66,2232,0,0
01:15.2,66,2226,0,0
01:15.2,66,2221,0,0
01:15.3,66,2213,0,0
01:15.3,66,2209,0,0
01:15.4,66,2203,0,0
01:15.4,66,2199,0,0
01:15.5,66,2193,0,0
01:15.5,66,2189,0,0
01:15.5,66,2182,0,0
01:15.6,66,2132,0,0
01:15.6,66,2079,0,0
01:15.7,66,2032,0,0
01:15.8,65,1939,0,0
01:15.8,65,1866,0,0
01:15.9,65,1761,0,0
01:16.0,65,1707,0,0
01:16.0,65,1640,0,0
01:16.1,65,1583,0,0
01:16.2,65,1577,0,0
01:16.2,64,1602,0,0
01:16.3,64,1671,0,0
01:16.3,64,1719,0,0
01:16.4,64,1753,0,0
01:16.5,64,1786,0,0
01:16.5,64,1798,0,0
01:16.6,64,1799,0,0
01:16.7,64,1796,0,0
01:16.7,62,1792,0,0
01:16.8,62,1783,0,0
01:16.9,62,1772,0,0
01:17.0,62,1764,0,0
01:17.0,62,1756,0,0
01:17.1,62,1750,0,0
01:17.1,62,1744,0,0
01:17.2,61,1740,0,0
01:17.2,61,1737,0,0
01:17.3,61,1732,0,0
01:17.4,61,1725,0,0
01:17.4,61,1726,0,0
01:17.5,61,1787,0,0
01:17.5,61,1814,0,0
01:17.6,61,1807,0,0
01:17.6,61,1781,0.24,0.24
01:17.7,61,1807,0.24,0.24
01:17.8,61,1793,0.24,0.24
01:17.9,61,1775,0.24,0.24
01:17.9,61,1790,0.24,0.24
01:18.0,61,1840,0.24,0.24
01:18.1,61,1951,0.24,0.24
01:18.2,61,2085,1.26,1.26
01:18.3,61,2173,1.26,1.26
01:18.3,61,2278,1.26,1.26
01:18.4,61,2481,1.26,1.26
01:18.5,61,2666,1.26,1.26
01:18.5,61,2862,1.26,1.26
01:18.6,60,2954,1.26,1.26
01:18.7,60,2966,1.26,1.26
01:18.7,60,2925,2.5,2.5
01:18.8,60,2940,2.5,2.5
01:18.9,60,2968,2.5,2.5
01:19.0,60,2973,2.5,2.5
01:19.0,60,2982,2.5,2.5
01:19.1,60,3000,2.5,2.5
01:19.2,60,3011,3.3,3.3
01:19.3,60,3031,3.3,3.3
01:19.3,60,3040,3.3,3.3
01:19.4,60,3060,3.3,3.3
01:19.5,60,3073,3.3,3.3
01:19.6,63,3088,3.3,3.3
01:19.6,63,3106,3.3,3.3
01:19.7,63,3121,3.3,3.3
01:19.8,63,3135,3.64,3.64
01:19.8,63,3150,3.64,3.64
01:19.9,63,3171,3.64,3.64
01:20.0,63,3180,3.64,3.64
01:20.0,65,3196,3.64,3.64
01:20.1,65,3215,3.64,3.64
01:20.2,65,3226,3.64,3.64
01:20.2,65,3238,3.64,3.64
01:20.3,65,3254,3.74,3.74
01:20.4,65,3275,3.74,3.74
01:20.5,67,3294,3.74,3.74
01:20.5,67,3306,3.74,3.74
01:20.6,67,3317,3.74,3.74
01:20.6,67,3329,3.74,3.74
01:20.7,67,3353,3.74,3.74
01:20.8,67,3365,3.92,3.92
01:20.8,67,3381,3.92,3.92
01:20.8,67,3387,3.92,3.92
01:20.9,67,3396,3.92,3.92
01:21.0,69,3389,3.92,3.92
01:21.0,69,3309,3.92,3.92
01:21.1,69,3317,3.92,3.92
01:21.2,69,3384,3.92,3.92
01:21.2,69,3399,3.92,3.92
01:21.3,69,3396,3.22,3.22
01:21.4,69,3371,3.22,3.22
01:21.4,71,3347,3.22,3.22
01:21.5,71,3300,3.22,3.22
01:21.5,71,3221,3.22,3.22
01:21.6,71,3148,3.22,3.22
01:21.7,71,3038,3.22,3.22
01:21.7,71,2950,3.22,3.22
01:21.8,71,2890,3.22,3.22
01:21.8,71,2817,1.4,1.4
01:21.9,71,2730,1.4,1.4
01:21.9,71,2657,1.4,1.4
01:22.0,71,2587,1.4,1.4
01:22.0,71,2523,1.4,1.4
01:22.1,71,2455,1.4,1.4
01:22.2,71,2406,1.4,1.4
01:22.2,71,2374,1.4,1.4
01:22.3,71,2420,1.4,1.4
01:22.4,71,2457,0.14,0.14
01:22.4,71,2511,0.14,0.14
01:22.5,71,2519,0.14,0.14
01:22.6,71,2509,0.14,0.14
01:22.6,71,2506,0.14,0.14
01:22.7,71,2506,0.14,0.14
01:22.8,71,2501,0.14,0.14
01:22.9,71,2496,0,0
01:22.9,71,2494,0,0
01:23.0,71,2489,0,0
01:23.1,71,2482,0,0
01:23.2,71,2482,0,0
01:23.2,71,2478,0,0
01:23.3,71,2476,0,0
01:23.4,71,2473,0,0
01:23.4,71,2471,0,0
01:23.5,71,2466,0,0
01:23.5,71,2466,0,0
01:23.6,71,2464,0,0
01:23.7,71,2461,0,0
01:23.7,71,2460,0,0
01:23.8,71,2457,0,0
01:23.8,71,2453,0,0
01:23.9,71,2409,0,0
01:24.0,71,2327,0,0
01:24.1,71,2226,0,0
01:24.2,71,2143,0,0
01:24.2,71,2077,0,0
01:24.3,70,1967,0,0
01:24.4,70,1931,0,0
01:24.4,70,1908,0,0
01:24.5,70,1921,0,0
01:24.6,70,1955,0,0
01:24.6,70,2011,0,0
01:24.7,70,2044,0,0
01:24.8,70,2055,0,0
01:24.9,70,2052,0,0
01:24.9,70,2050,0,0
01:25.0,70,2048,0,0
01:25.1,70,2045,0,0
01:25.1,70,2039,0,0
01:25.2,70,2031,0,0
01:25.3,70,2025,0,0
01:25.4,70,2018,0,0
01:25.5,70,2013,0,0
01:25.5,70,2007,0,0
01:25.6,70,2003,0,0
01:25.7,69,1997,0,0
01:25.8,69,1995,0,0
01:25.8,69,1992,0,0
01:25.9,69,1992,0,0
01:25.9,69,1989,0,0
01:26.0,69,1988,0,0
01:26.0,69,1986,0,0
01:26.1,69,1986,0,0
01:26.2,69,1985,0,0
01:26.2,69,1982,0,0
01:26.3,69,1982,0,0
01:26.3,69,1977,0,0
01:26.4,69,1978,0,0
01:26.5,69,1975,0,0
01:26.5,69,1970,0,0
01:26.6,69,1969,0,0
01:26.6,69,1966,0,0
01:26.7,69,1963,0,0
01:26.8,69,1963,0,0
01:26.8,69,1960,0,0
01:26.9,69,1958,0,0
01:27.0,69,1957,0,0
01:27.0,69,1953,0,0
01:27.1,68,1950,0,0
01:27.2,68,1946,0,0
01:27.3,68,1940,0,0
01:27.3,68,1936,0,0
01:27.4,68,1935,0,0
01:27.4,68,1932,0,0
01:27.5,68,1931,0,0
01:27.6,68,1928,0,0
01:27.6,68,1927,0,0
01:27.7,68,1925,0,0
01:27.8,68,1921,0,0
01:27.9,68,1918,0,0
01:27.9,68,1914,0,0
01:28.0,68,1910,0,0
01:28.1,67,1907,0,0
01:28.2,67,1903,0,0
01:28.2,67,1898,0,0
01:28.3,67,1895,0,0
01:28.4,67,1889,0,0
01:28.5,67,1885,0,0
01:28.5,66,1881,0,0
01:28.6,66,1880,0,0
01:28.7,66,1875,0,0
01:28.8,66,1872,0,0
01:28.8,66,1870,0,0
01:28.9,66,1867,0,0
01:29.0,65,1861,0,0
01:29.0,65,1857,0,0
01:29.1,65,1855,0,0
01:29.1,65,1850,0,0
01:29.2,65,1850,0,0
01:29.3,65,1845,0,0
01:29.3,65,1839,0,0
01:29.4,65,1836,0,0
01:29.5,64,1833,0,0
01:29.5,64,1829,0,0
01:29.6,64,1825,0,0
01:29.7,64,1818,0,0
01:29.8,64,1814,0,0
01:29.9,64,1811,0,0
01:29.9,63,1807,0,0
01:30.0,63,1802,0,0
01:30.0,63,1800,0,0
01:30.1,63,1792,0,0
01:30.2,63,1789,0,0
01:30.2,63,1783,0,0
01:30.3,63,1781,0,0
01:30.3,63,1776,0,0
01:30.4,63,1775,0,0
01:30.5,63,1771,0,0
01:30.5,63,1767,0,0
01:30.6,63,1765,0,0
01:30.7,63,1760,0,0
01:30.7,63,1807,0.02,0.02
01:30.8,63,1839,0.02,0.02
01:30.9,63,1814,0.02,0.02
01:30.9,63,1791,0.02,0.02
01:31.0,63,1805,0.02,0.02
01:31.0,63,1828,0.02,0.02
01:31.1,63,1829,0.02,0.02
01:31.2,63,1860,0.02,0.02
01:31.3,63,1919,0.9,0.9
01:31.3,62,2021,0.9,0.9
01:31.4,62,2137,0.9,0.9
01:31.5,62,2260,0.9,0.9
01:31.5,62,2359,0.9,0.9
01:31.6,62,2580,0.9,0.9
01:31.7,62,2749,0.9,0.9
01:31.8,62,2868,0.9,0.9
01:31.8,61,2957,2.24,2.24
01:31.9,61,2922,2.24,2.24
01:31.9,61,2917,2.24,2.24
01:32.0,61,2929,2.24,2.24
01:32.1,61,2940,2.24,2.24
01:32.1,61,2940,2.24,2.24
01:32.2,61,2938,2.24,2.24
01:32.3,60,2947,2.24,2.24
01:32.3,60,2966,3.18,3.18
01:32.4,60,2968,3.18,3.18
01:32.5,60,2973,3.18,3.18
01:32.5,60,2994,3.18,3.18
01:32.6,60,3000,3.18,3.18
01:32.7,62,3021,3.18,3.18
01:32.8,62,3028,3.18,3.18
01:32.9,62,3035,3.66,3.66
01:32.9,62,3050,3.66,3.66
01:33.0,62,3060,3.66,3.66
01:33.0,62,3067,3.66,3.66
01:33.1,62,3081,3.66,3.66
01:33.2,64,3093,3.66,3.66
01:33.3,64,3106,3.66,3.66
01:33.4,64,3111,3.72,3.72
01:33.4,64,3132,3.72,3.72
01:33.5,64,3145,3.72,3.72
01:33.6,64,3153,3.72,3.72
01:33.7,64,3167,3.72,3.72
01:33.7,66,3177,3.72,3.72
01:33.8,66,3191,3.72,3.72
01:33.8,66,3199,3.72,3.72
01:33.9,66,3207,3.76,3.76
01:34.0,66,3218,3.76,3.76
01:34.0,66,3232,3.76,3.76
01:34.1,66,3240,3.76,3.76
01:34.2,68,3252,3.76,3.76
01:34.2,68,3266,3.76,3.76
01:34.3,68,3275,3.76,3.76
01:34.4,68,3289,3.76,3.76
01:34.4,68,3294,3.92,3.92
01:34.5,68,3315,3.92,3.92
01:34.6,68,3327,3.92,3.92
01:34.6,68,3329,3.92,3.92
01:34.7,68,3344,3.92,3.92
01:34.8,68,3306,3.92,3.92
01:34.8,68,3246,3.92,3.92
01:34.9,68,3260,3.92,3.92
01:34.9,68,3324,3.66,3.66
01:35.0,68,3342,3.66,3.66
01:35.1,68,3324,3.66,3.66
01:35.1,68,3285,3.66,3.66
01:35.2,68,3238,3.66,3.66
01:35.3,68,3185,3.66,3.66
01:35.4,68,3109,3.66,3.66
01:35.4,68,3018,3.66,3.66
01:35.5,68,2908,1.92,1.92
01:35.6,70,2819,1.92,1.92
01:35.6,70,2693,1.92,1.92
01:35.7,70,2625,1.92,1.92
01:35.8,70,2491,1.92,1.92
01:35.8,70,2429,1.92,1.92
01:35.9,70,2349,1.92,1.92
01:36.0,70,2306,0.26,0.26
01:36.1,70,2353,0.26,0.26
01:36.2,70,2397,0.26,0.26
01:36.2,70,2400,0.26,0.26
01:36.3,70,2391,0.26,0.26
01:36.4,70,2382,0.26,0.26
01:36.4,70,2380,0.26,0.26
01:36.5,69,2374,0.26,0.26
01:36.5,69,2368,0,0
01:36.6,69,2359,0,0
01:36.7,69,2350,0,0
01:36.7,69,2346,0,0
01:36.8,69,2339,0,0
01:36.9,69,2332,0,0
01:36.9,69,2328,0,0
01:37.0,68,2320,0,0
01:37.1,68,2315,0,0
01:37.1,68,2311,0,0
01:37.2,68,2304,0,0
01:37.3,68,2297,0,0
01:37.3,68,2290,0,0
01:37.4,68,2283,0,0
01:37.5,67,2278,0,0
01:37.5,67,2275,0,0
01:37.6,67,2267,0,0
01:37.7,67,2221,0,0
01:37.7,67,2158,0,0
01:37.8,67,2107,0,0
01:37.9,67,2039,0,0
01:37.9,66,1950,0,0
01:38.0,66,1880,0,0
01:38.1,66,1800,0,0
01:38.1,66,1765,0,0
01:38.2,66,1749,0,0
01:38.2,66,1760,0,0
01:38.3,66,1794,0,0
01:38.4,65,1840,0,0
01:38.4,65,1872,0,0
01:38.5,65,1881,0,0
01:38.6,65,1875,0,0
01:38.6,65,1871,0,0
01:38.7,65,1870,0,0
01:38.8,65,1864,0,0
01:38.8,65,1856,0,0
01:38.9,65,1846,0,0
01:39.0,65,1839,0,0
01:39.1,65,1829,0,0
01:39.2,65,1822,0,0
01:39.3,65,1815,0,0
01:39.3,64,1809,0,0
01:39.4,64,1806,0,0
01:39.4,64,1802,0,0
01:39.5,64,1796,0,0
01:39.6,64,1792,0,0
01:39.6,64,1789,0,0
01:39.7,64,1786,0,0
01:39.8,64,1786,0,0
01:39.8,62,1785,0,0
01:39.9,62,1782,0,0
01:40.0,62,1779,0,0
01:40.0,62,1774,0,0
01:40.1,62,1771,0,0
01:40.2,62,1764,0,0
01:40.3,62,1764,0,0
01:40.3,62,1760,0,0
01:40.4,62,1760,0,0
01:40.5,62,1756,0,0
01:40.5,62,1753,0,0
01:40.6,62,1750,0,0
01:40.7,62,1748,0,0
01:40.7,61,1746,0,0
01:40.8,61,1745,0,0
01:40.9,61,1740,0,0
01:41.0,61,1738,0,0
01:41.0,61,1734,0,0
01:41.1,61,1732,0,0
01:41.2,61,1728,0,0
01:41.2,60,1730,0,0
01:41.3,60,1728,0,0
01:41.4,60,1728,0,0
01:41.4,60,1729,0,0
01:41.5,60,1728,0,0
01:41.5,60,1725,0,0
01:41.6,60,1723,0,0
01:41.7,60,1718,0,0
01:41.7,60,1716,0,0
01:41.8,60,1711,0,0
01:41.9,60,1709,0,0
01:42.0,60,1707,0,0
01:42.0,60,1705,0,0
01:42.1,60,1703,0,0
01:42.1,60,1700,0,0
01:42.2,60,1699,0,0
01:42.3,60,1697,0,0
01:42.3,60,1696,0,0
01:42.4,60,1694,0,0
01:42.5,60,1692,0,0
01:42.6,60,1689,0,0
01:42.6,59,1685,0,0
01:42.7,59,1685,0,0
01:42.8,59,1677,0,0
01:42.8,59,1675,0,0
01:42.9,59,1671,0,0
01:42.9,59,1668,0,0
01:43.0,59,1664,0,0
01:43.1,59,1664,0,0
01:43.2,59,1663,0,0
01:43.2,59,1664,0,0
01:43.3,59,1664,0,0
01:43.4,59,1660,0,0
01:43.4,59,1660,0,0
01:43.5,59,1657,0,0
01:43.6,58,1653,0,0
01:43.6,58,1650,0,0
01:43.7,58,1646,0,0
01:43.8,58,1646,0,0
01:43.8,58,1646,0,0
01:43.9,58,1645,0,0
01:44.0,58,1646,0,0
01:44.0,57,1646,0,0
01:44.1,57,1644,0,0
01:44.1,57,1642,0,0
01:44.2,57,1639,0,0
01:44.3,57,1637,0,0
01:44.3,57,1635,0,0
01:44.4,57,1633,0,0
01:44.5,57,1629,0,0
01:44.5,57,1628,0,0
01:44.6,57,1624,0,0
01:44.6,57,1621,0,0
01:44.7,57,1621,0,0
01:44.8,57,1621,0,0
01:44.8,57,1619,0,0
01:44.9,57,1619,0,0
01:44.9,57,1619,0,0
01:45.0,56,1617,0,0
01:45.1,56,1617,0,0
01:45.1,56,1619,0,0
01:45.2,56,1619,0,0
01:45.3,56,1618,0,0
01:45.3,56,1616,0,0
01:45.4,56,1615,0,0
01:45.4,56,1611,0,0
01:45.5,56,1609,0,0
01:45.6,56,1608,0,0
01:45.6,56,1607,0,0
01:45.7,56,1604,0,0
01:45.8,56,1603,0,0
01:45.9,56,1603,0,0
01:46.0,56,1603,0,0
01:46.0,56,1600,0,0
01:46.1,56,1598,0,0
01:46.2,56,1598,0,0
01:46.3,56,1597,0,0
01:46.3,56,1598,0,0
01:46.4,56,1595,0,0
01:46.4,55,1593,0,0
01:46.5,55,1592,0,0
01:46.6,55,1591,0,0
01:46.6,55,1590,0,0
01:46.7,55,1590,0,0
01:46.8,55,1591,0,0
01:46.9,54,1589,0,0
01:46.9,54,1588,0,0
01:47.0,54,1588,0,0
01:47.1,54,1586,0,0
01:47.1,54,1583,0,0
01:47.2,54,1582,0,0
01:47.3,54,1582,0,0
01:47.3,54,1580,0,0
01:47.4,56,1603,0,0
01:47.4,56,1651,0,0
01:47.5,56,1688,0,0
01:47.6,56,1629,0.18,0.18
01:47.6,56,1651,0.18,0.18
01:47.7,56,1644,0.18,0.18
01:47.8,55,1653,0.18,0.18
01:47.8,55,1677,0.18,0.18
01:47.9,55,1724,0.18,0.18
01:48.0,55,1810,0.18,0.18
01:48.0,55,1887,1.14,1.14
01:48.1,55,2058,1.14,1.14
01:48.2,55,2182,1.14,1.14
01:48.3,55,2414,1.14,1.14
01:48.3,55,2605,1.14,1.14
01:48.4,55,2725,1.14,1.14
01:48.5,55,2779,1.14,1.14
01:48.5,55,2749,1.14,1.14
01:48.6,55,2746,2.4,2.4
01:48.7,55,2769,2.4,2.4
01:48.7,57,2785,2.4,2.4
01:48.8,57,2789,2.4,2.4
01:48.9,57,2796,2.4,2.4
01:48.9,57,2810,2.4,2.4
01:49.0,57,2838,2.4,2.4
01:49.0,57,2853,2.4,2.4
01:49.1,57,2862,3.22,3.22
01:49.2,57,2884,3.22,3.22
01:49.2,57,2904,3.22,3.22
01:49.3,57,2913,3.22,3.22
01:49.4,57,2933,3.22,3.22
01:49.4,57,2954,3.22,3.22
01:49.5,57,2971,3.22,3.22
01:49.5,57,2982,3.22,3.22
01:49.6,57,3002,3.56,3.56
01:49.7,57,3014,3.56,3.56
01:49.7,60,3035,3.56,3.56
01:49.8,60,3058,3.56,3.56
01:49.9,60,3071,3.56,3.56
01:50.0,60,3096,3.56,3.56
01:50.0,60,3114,3.56,3.56
01:50.1,60,3135,3.56,3.56
01:50.2,63,3158,3.7,3.7
01:50.2,63,3171,3.7,3.7
01:50.3,63,3193,3.7,3.7
01:50.4,63,3207,3.7,3.7
01:50.4,63,3240,3.7,3.7
01:50.5,63,3249,3.7,3.7
01:50.6,63,3271,3.7,3.7
01:50.6,66,3283,3.7,3.7
01:50.7,66,3309,3.86,3.86
01:50.7,66,3317,3.86,3.86
01:50.8,66,3332,3.86,3.86
01:50.9,66,3335,3.86,3.86
01:50.9,66,3317,3.86,3.86
01:51.0,66,3285,3.86,3.86
01:51.1,66,3317,3.86,3.86
01:51.1,68,3365,3.86,3.86
01:51.2,68,3368,3.3,3.3
01:51.3,68,3347,3.3,3.3
01:51.3,68,3300,3.3,3.3
01:51.4,68,3285,3.3,3.3
01:51.5,68,3226,3.3,3.3
01:51.5,68,3101,3.3,3.3
01:51.6,70,3009,3.3,3.3
01:51.7,70,2915,3.3,3.3
01:51.7,70,2832,1.52,1.52
01:51.8,70,2725,1.52,1.52
01:51.9,70,2616,1.52,1.52
01:52.0,70,2507,1.52,1.52
01:52.0,72,2439,1.52,1.52
01:52.1,72,2396,1.52,1.52
01:52.2,72,2425,1.52,1.52
01:52.3,72,2476,0.18,0.18
01:52.3,72,2525,0.18,0.18
01:52.4,72,2529,0.18,0.18
01:52.5,72,2523,0.18,0.18
01:52.5,72,2526,0.18,0.18
01:52.6,72,2526,0.18,0.18
01:52.7,72,2526,0.18,0.18
01:52.7,72,2523,0,0
01:52.8,72,2517,0,0
01:52.9,72,2517,0,0
01:53.0,72,2517,0,0
01:53.0,72,2513,0,0
01:53.1,72,2511,0,0
01:53.2,72,2511,0,0
01:53.2,72,2511,0,0
01:53.3,72,2509,0,0
01:53.3,72,2511,0,0
01:53.4,72,2509,0,0
01:53.5,72,2511,0,0
01:53.5,72,2511,0,0
01:53.6,72,2511,0,0
01:53.7,72,2511,0,0
01:53.7,72,2513,0,0
01:53.8,72,2478,0,0
01:53.8,72,2421,0,0
01:53.9,72,2368,0,0
01:54.0,72,2261,0,0
01:54.0,72,2209,0,0
01:54.1,72,2135,0,0
01:54.2,72,2058,0,0
01:54.2,72,2020,0,0
01:54.3,72,1973,0,0
01:54.3,72,1971,0,0
01:54.4,72,2021,0,0
01:54.5,72,2094,0,0
01:54.6,72,2135,0,0
01:54.7,72,2143,0,0
01:54.7,72,2141,0,0
01:54.8,72,2144,0,0
01:54.9,72,2146,0,0
01:54.9,72,2144,0,0
01:55.0,72,2139,0,0
01:55.1,72,2135,0,0
01:55.2,72,2132,0,0
01:55.2,72,2132,0,0
01:55.3,72,2132,0,0
01:55.4,74,2130,0,0
01:55.5,74,2131,0,0
01:55.5,74,2130,0,0
01:55.6,74,2131,0,0
01:55.7,74,2132,0,0
01:55.8,74,2130,0,0
01:55.8,73,2130,0,0
01:55.9,73,2128,0,0
01:56.0,73,2128,0,0
01:56.0,73,2128,0,0
01:56.1,73,2128,0,0
01:56.2,73,2131,0,0
01:56.3,73,2131,0,0
01:56.3,73,2132,0,0
01:56.4,73,2136,0,0
01:56.5,73,2136,0,0
01:56.6,73,2139,0,0
01:56.7,73,2139,0,0
01:56.7,73,2139,0,0
01:56.8,73,2139,0,0
01:56.9,73,2137,0,0
01:56.9,73,2137,0,0
01:57.0,73,2137,0,0
01:57.1,73,2139,0,0
01:57.1,73,2139,0,0
01:57.2,73,2139,0,0
01:57.3,73,2142,0,0
01:57.4,73,2143,0,0
01:57.5,73,2150,0,0
01:57.5,73,2152,0,0
01:57.6,73,2150,0,0
01:57.7,73,2150,0,0
01:57.7,73,2152,0,0
01:57.8,73,2152,0,0
01:57.9,73,2150,0,0
01:57.9,73,2150,0,0
01:58.0,73,2150,0,0
01:58.0,73,2150,0,0
01:58.1,73,2150,0,0
01:58.2,73,2156,0,0
01:58.2,73,2156,0,0
01:58.3,73,2157,0,0
01:58.3,73,2159,0,0
01:58.4,73,2158,0,0
01:58.5,73,2159,0,0
01:58.5,73,2159,0,0
01:58.6,73,2160,0,0
01:58.7,75,2162,0,0
01:58.7,75,2162,0,0
01:58.8,75,2160,0,0
01:58.9,75,2160,0,0
01:59.0,75,2162,0,0
01:59.0,75,2159,0,0
01:59.1,74,2160,0,0
01:59.2,74,2162,0,0
01:59.2,74,2162,0,0
01:59.3,74,2163,0,0
01:59.4,74,2165,0,0
01:59.4,74,2168,0,0
01:59.5,74,2169,0,0
01:59.6,74,2171,0,0
01:59.6,74,2171,0,0
01:59.7,74,2171,0,0
01:59.8,74,2173,0,0
01:59.9,74,2171,0,0
01:59.9,74,2169,0,0
02:00.0,74,2171,0,0
02:00.1,74,2171,0,0
02:00.1,74,2171,0,0
02:00.2,74,2173,0,0
02:00.2,74,2173,0,0
02:00.3,74,2175,0,0
02:00.4,74,2177,0,0
02:00.4,74,2181,0,0
02:00.5,74,2181,0,0
02:00.6,74,2181,0,0
02:00.7,74,2183,0,0
02:00.8,74,2185,0,0
02:00.8,74,2185,0,0
02:00.9,74,2183,0,0
02:00.9,74,2182,0,0
02:01.0,74,2182,0,0
02:01.1,74,2181,0,0
02:01.2,74,2182,0,0
02:01.2,74,2182,0,0
02:01.3,74,2183,0,0
02:01.4,74,2183,0,0
02:01.4,74,2185,0,0
02:01.5,74,2185,0,0
02:01.6,74,2185,0,0
02:01.6,74,2189,0,0
02:01.7,74,2189,0,0
02:01.8,74,2189,0,0
02:01.9,74,2191,0,0
02:01.9,74,2189,0,0
02:02.0,74,2189,0,0
02:02.1,74,2193,0,0
02:02.2,74,2195,0,0
02:02.3,74,2195,0,0
02:02.3,74,2196,0,0
02:02.4,74,2197,0,0
02:02.5,74,2200,0,0
02:02.5,74,2199,0,0
02:02.6,74,2200,0,0
02:02.7,74,2200,0,0
02:02.8,74,2200,0,0
02:02.8,74,2200,0,0
02:02.9,74,2197,0,0
02:02.9,74,2199,0,0
02:03.0,74,2199,0,0
02:03.1,74,2197,0,0
02:03.1,74,2199,0,0
02:03.2,74,2200,0,0
02:03.3,74,2201,0,0
02:03.3,74,2201,0,0
02:03.4,74,2200,0,0
02:03.5,74,2203,0,0
02:03.5,74,2205,0,0
02:03.6,74,2207,0,0
02:03.7,74,2205,0,0
02:03.7,74,2207,0,0
02:03.8,76,2205,0,0
02:03.9,76,2207,0,0
02:04.0,76,2207,0,0
02:04.0,76,2203,0,0
02:04.1,76,2203,0,0
02:04.2,76,2203,0,0
02:04.2,76,2205,0,0
02:04.3,76,2205,0,0
02:04.4,76,2205,0,0
02:04.4,76,2205,0,0
02:04.5,76,2203,0,0
02:04.6,76,2203,0,0
02:04.6,76,2207,0,0
02:04.7,76,2205,0,0
02:04.7,75,2203,0,0
02:04.8,75,2203,0,0
02:04.9,75,2203,0,0
02:05.0,75,2203,0,0
02:05.0,75,2200,0,0
02:05.1,75,2193,0,0
02:05.2,75,2189,0,0
02:05.3,75,2179,0,0
02:05.4,75,2169,0,0
02:05.4,75,2167,0,0
02:05.5,75,2158,0,0
02:05.6,75,2148,0,0
02:05.6,75,2141,0,0
02:05.7,75,2130,0,0
02:05.8,75,2121,0,0
02:05.8,75,2112,0,0
02:05.9,75,2106,0,0
02:05.9,75,2098,0,0
02:06.0,75,2089,0,0
02:06.1,75,2078,0,0
02:06.1,75,2070,0,0
02:06.2,74,2060,0,0
02:06.2,74,2052,0,0
02:06.3,74,2037,0,0
02:06.4,74,2028,0,0
02:06.5,74,2015,0,0
02:06.6,74,2003,0,0
02:06.6,74,1994,0,0
02:06.7,72,1980,0,0
02:06.8,72,1971,0,0
02:06.8,72,1963,0,0
02:06.9,72,1953,0,0
02:07.0,72,1944,0,0
02:07.0,72,1929,0,0
02:07.1,70,1918,0,0
02:07.2,70,1905,0,0
02:07.3,70,1894,0,0
02:07.3,70,1884,0,0
02:07.4,70,1875,0,0
02:07.5,70,1865,0,0
02:07.5,70,1855,0,0
02:07.6,67,1844,0,0
02:07.7,67,1835,0,0
02:07.8,67,1821,0,0
02:07.8,67,1806,0,0
02:07.9,67,1794,0,0
02:08.0,67,1785,0,0
02:08.0,67,1776,0,0
02:08.1,65,1763,0,0
02:08.2,65,1753,0,0
02:08.2,65,1745,0,0
02:08.3,65,1733,0,0
02:08.4,65,1722,0,0
02:08.4,65,1713,0,0
02:08.5,65,1701,0,0
02:08.6,63,1693,0,0
02:08.6,63,1685,0,0
02:08.7,63,1674,0,0
02:08.8,63,1660,0,0
02:08.8,63,1647,0,0
02:08.9,63,1635,0,0
02:08.9,63,1625,0,0
02:09.0,60,1614,0,0
02:09.1,60,1601,0,0
02:09.1,60,1591,0,0
02:09.2,60,1585,0,0
02:09.2,60,1578,0,0
02:09.3,60,1564,0,0
02:09.4,60,1562,0,0
02:09.5,60,1559,0,0
02:09.5,58,1556,0,0
02:09.6,58,1554,0,0
02:09.7,58,1553,0,0
02:09.8,58,1553,0,0
02:09.8,58,1552,0,0
02:09.9,58,1553,0,0
02:10.0,56,1556,0,0
02:10.0,56,1560,0,0
02:10.1,56,1562,0,0
02:10.2,56,1564,0,0
02:10.3,56,1562,0,0
02:10.3,56,1562,0,0
02:10.4,55,1563,0,0
02:10.5,55,1562,0,0
02:10.5,55,1561,0,0
02:10.6,55,1562,0,0
02:10.6,55,1562,0,0
02:10.7,55,1564,0,0
02:10.8,55,1562,0,0
02:10.8,55,1562,0,0
02:10.9,54,1563,0,0
02:11.0,54,1564,0,0
02:11.0,54,1563,0,0
02:11.1,54,1560,0,0
02:11.2,54,1560,0,0
02:11.3,54,1559,0,0
02:11.3,54,1558,0,0
02:11.4,54,1559,0,0
02:11.5,54,1561,0,0
02:11.5,54,1562,0,0
02:11.6,54,1562,0,0
02:11.7,54,1562,0,0
02:11.7,54,1563,0,0
02:11.8,54,1563,0,0
02:11.9,54,1560,0,0
02:12.0,54,1560,0,0
02:12.0,54,1559,0,0
02:12.1,54,1561,0,0
02:12.1,54,1562,0,0
02:12.2,54,1561,0,0
02:12.2,54,1562,0,0
02:12.3,54,1564,0,0
02:12.3,54,1565,0,0
02:12.4,54,1564,0,0
02:12.4,54,1565,0,0
02:12.5,54,1566,0,0
02:12.6,54,1567,0,0
02:12.6,54,1568,0,0
02:12.7,54,1567,0,0
02:12.8,54,1568,0,0
02:12.8,54,1565,0,0
02:12.9,54,1564,0,0
02:13.0,54,1563,0,0
02:13.1,54,1561,0,0
02:13.2,54,1562,0,0
02:13.3,54,1563,0,0
02:13.3,54,1564,0,0
02:13.4,54,1566,0,0
02:13.5,54,1566,0,0
02:13.6,54,1567,0,0
02:13.6,54,1567,0,0
02:13.7,54,1565,0,0
02:13.8,54,1563,0,0
02:13.9,54,1564,0,0
02:13.9,54,1564,0,0
02:14.0,54,1564,0,0
02:14.1,54,1563,0,0
02:14.1,54,1564,0,0
02:14.2,54,1565,0,0
02:14.2,54,1566,0,0
02:14.3,54,1564,0,0
02:14.4,54,1560,0,0
02:14.5,54,1558,0,0
02:14.5,54,1553,0,0
02:14.6,54,1547,0,0
02:14.7,54,1543,0,0
02:14.7,54,1535,0,0
02:14.8,54,1526,0,0
02:14.8,54,1521,0,0
02:14.9,54,1515,0,0
02:15.0,54,1507,0,0
02:15.1,54,1495,0,0
02:15.1,54,1490,0,0
02:15.2,54,1484,0,0
02:15.2,54,1479,0,0
02:15.3,54,1472,0,0
02:15.4,54,1466,0,0
02:15.5,54,1457,0,0
02:15.6,54,1450,0,0
02:15.6,53,1442,0,0
02:15.7,53,1435,0,0
02:15.8,53,1426,0,0
02:15.8,53,1416,0,0
02:15.9,53,1404,0,0
02:16.0,53,1395,0,0
02:16.0,53,1389,0,0
02:16.1,51,1383,0,0
02:16.2,51,1377,0,0
02:16.2,51,1371,0,0
02:16.3,51,1364,0,0
02:16.3,51,1357,0,0
02:16.4,51,1348,0,0
02:16.5,51,1335,0,0
02:16.6,49,1323,0,0
02:16.7,49,1311,0,0
02:16.8,49,1301,0,0
02:16.8,49,1289,0,0
02:16.9,49,1278,0,0
02:17.0,47,1271,0,0
02:17.1,47,1261,0,0
02:17.1,47,1256,0,0
02:17.2,47,1248,0,0
02:17.2,47,1244,0,0
02:17.3,47,1237,0,0
02:17.3,47,1231,0,0
02:17.4,47,1224,0,0
02:17.4,47,1216,0,0
02:17.5,46,1210,0,0
02:17.5,46,1203,0,0
02:17.6,46,1195,0,0
02:17.7,46,1183,0,0
02:17.8,46,1175,0,0
02:17.8,46,1166,0,0
02:17.9,46,1160,0,0
02:18.0,44,1147,0,0
02:18.0,44,1140,0,0
02:18.1,44,1132,0,0
02:18.2,44,1119,0,0
02:18.3,44,1108,0,0
02:18.3,44,1099,0,0
02:18.4,44,1088,0,0
02:18.4,42,1081,0,0
02:18.5,42,1073,0,0
02:18.5,42,1065,0,0
02:18.6,42,1061,0,0
02:18.6,42,1071,0,0
02:18.7,42,1109,0,0
02:18.8,42,1142,0,0
02:18.8,42,1174,0,0
02:18.9,39,1208,0,0
02:19.0,39,1226,0,0
02:19.0,39,1226,0,0
02:19.1,39,1207,0,0
02:19.2,39,1190,0,0
02:19.3,39,1201,0,0
02:19.3,39,1207,0,0
02:19.4,37,1191,0,0
02:19.4,37,1166,0,0
02:19.5,37,1122,0.14,0.14
02:19.6,37,1085,0.14,0.14
02:19.7,37,1053,0.14,0.14
02:19.8,37,1029,0.14,0.14
02:19.8,35,1014,0.14,0.14
02:19.9,35,1005,0.14,0.14
02:20.0,35,1018,0.14,0.14
02:20.1,35,1050,0.28,0.28
02:20.1,35,1089,0.28,0.28
02:20.2,35,1113,0.28,0.28
02:20.3,35,1129,0.28,0.28
02:20.3,33,1151,0.28,0.28
02:20.4,33,1158,0.28,0.28
02:20.5,33,1166,0.28,0.28
02:20.5,33,1161,0.28,0.28
02:20.6,33,1152,0.26,0.26
02:20.7,33,1145,0.26,0.26
02:20.7,33,1128,0.26,0.26
02:20.8,30,1114,0.26,0.26
02:20.9,30,1103,0.26,0.26
02:20.9,30,1092,0.26,0.26
02:21.0,30,1083,0.26,0.26
02:21.0,30,1070,0.26,0.26
02:21.1,30,1060,0.24,0.24
02:21.2,30,1048,0.24,0.24
02:21.3,28,1037,0.24,0.24
02:21.3,28,1028,0.24,0.24
02:21.4,28,1022,0.24,0.24
02:21.5,28,1015,0.24,0.24
02:21.5,28,1013,0.24,0.24
02:21.6,28,1009,0.24,0.24
02:21.7,26,1003,0.24,0.24
02:21.7,26,1002,0.24,0.24
02:21.8,26,1000,0.24,0.24
02:21.9,26,997,0.24,0.24
02:22.0,26,995,0.24,0.24
02:22.0,26,992,0.24,0.24
02:22.1,26,988,0.22,0.22
02:22.2,25,985,0.22,0.22
02:22.3,25,984,0.22,0.22
02:22.3,25,982,0.22,0.22
02:22.4,25,980,0.22,0.22
02:22.5,25,978,0.22,0.22
02:22.5,25,976,0.22,0.22
02:22.6,25,973,0.22,0.22
02:22.6,25,971,0.22,0.22
02:22.7,23,968,0.22,0.22
02:22.8,23,963,0.22,0.22
02:22.9,23,956,0.22,0.22
02:23.0,23,950,0.22,0.22
02:23.0,23,945,0.22,0.22
02:23.1,22,935,0.22,0.22
02:23.2,22,929,0.22,0.22
02:23.3,22,919,0.22,0.22
02:23.3,22,909,0.22,0.22
02:23.4,22,900,0.22,0.22
02:23.5,22,895,0.22,0.22
02:23.5,22,888,0.22,0.22
02:23.6,20,878,0.22,0.22
02:23.7,20,870,0.22,0.22
02:23.7,20,862,0.24,0.24
02:23.8,20,856,0.24,0.24
02:23.9,20,847,0.24,0.24
02:23.9,20,840,0.24,0.24
02:24.0,20,834,0.24,0.24
02:24.0,20,827,0.24,0.24
02:24.1,19,821,0.24,0.24
02:24.2,19,811,0.24,0.24
02:24.2,19,800,0.24,0.24
02:24.3,19,792,0.24,0.24
02:24.3,19,782,0.24,0.24
02:24.4,19,768,0.24,0.24
02:24.5,19,760,0.24,0.24
02:24.5,17,750,0.24,0.24
02:24.6,17,740,0.24,0.24
02:24.7,17,735,0.24,0.24
02:24.8,17,725,0.24,0.24
02:24.8,17,719,0.24,0.24
02:24.9,17,716,0.24,0.24
02:25.0,17,717,0.24,0.24
02:25.1,15,719,0.24,0.24
02:25.1,15,727,0.24,0.24
02:25.2,15,732,0.24,0.24
02:25.3,15,743,0.26,0.26
02:25.4,15,753,0.26,0.26
02:25.4,15,762,0.26,0.26
02:25.5,12,761,0.26,0.26
02:25.6,12,754,0.26,0.26
02:25.7,12,739,0.26,0.26
02:25.8,12,723,0.26,0.26
02:25.8,12,699,0.28,0.28
02:25.9,12,685,0.28,0.28
02:26.0,9,679,0.28,0.28
02:26.0,9,678,0.28,0.28
02:26.1,9,680,0.28,0.28
02:26.1,9,681,0.28,0.28
02:26.2,9,687,0.28,0.28
02:26.3,9,691,0.28,0.28
02:26.3,9,692,0.28,0.28
02:26.4,7,694,0.28,0.28
02:26.5,7,692,0.28,0.28
02:26.6,7,692,0.28,0.28
02:26.7,7,696,0.28,0.28
02:26.7,7,696,0.28,0.28
02:26.8,7,697,0.28,0.28
02:26.8,7,698,0.3,0.3
02:26.9,5,696,0.3,0.3
02:27.0,5,693,0.3,0.3
02:27.0,5,692,0.3,0.3
02:27.1,5,693,0.3,0.3
02:27.1,5,692,0.3,0.3
02:27.2,5,687,0.3,0.3
02:27.3,5,687,0.3,0.3
02:27.3,5,688,0.3,0.3
02:27.4,4,685,0.3,0.3
02:27.5,4,687,0.3,0.3
02:27.5,4,696,0.3,0.3
02:27.6,4,714,0.3,0.3
02:27.7,4,799,0.3,0.3
02:27.7,4,946,0.3,0.3
02:27.8,4,1117,0.3,0.3
02:27.9,3,1269,0.48,0.48
02:28.0,3,1375,0.48,0.48
02:28.1,3,1467,0.48,0.48
02:28.1,3,1525,0.48,0.48
02:28.2,3,1593,0.48,0.48
02:28.3,3,1629,0.48,0.48
02:28.3,3,1679,0.48,0.48
02:28.4,3,1707,1.16,1.16
02:28.5,3,1750,1.16,1.16
02:28.5,3,1767,1.16,1.16
02:28.6,3,1802,1.16,1.16
02:28.7,3,1861,1.16,1.16
02:28.8,7,1917,1.16,1.16
02:28.9,7,1978,1.16,1.16
02:28.9,7,2039,1.76,1.76
02:29.0,7,2060,1.76,1.76
02:29.1,7,2117,1.76,1.76
02:29.1,7,2175,1.76,1.76
02:29.2,7,2235,1.76,1.76
02:29.3,10,2292,1.76,1.76
02:29.4,10,2340,1.76,1.76
02:29.4,10,2372,1.76,1.76
02:29.5,10,2399,1.76,1.76
02:29.5,10,2426,1.76,1.76
02:29.6,10,2446,1.76,1.76
02:29.7,10,2481,1.76,1.76
02:29.8,14,2535,1.76,1.76
02:29.8,14,2517,1.76,1.76
02:29.9,14,2449,1.76,1.76
02:30.0,14,2347,1.66,1.66
02:30.0,14,2300,1.66,1.66
02:30.1,14,2239,1.66,1.66
02:30.2,14,2121,1.66,1.66
02:30.2,17,2054,1.66,1.66
02:30.3,17,1976,1.66,1.66
02:30.4,17,1933,1.66,1.66
02:30.5,17,1921,1.66,1.66
02:30.5,17,1907,1.58,1.58
02:30.6,17,1912,1.58,1.58
02:30.7,19,1944,1.58,1.58
02:30.8,19,1976,1.58,1.58
02:30.8,19,1994,1.58,1.58
02:30.9,19,2007,1.58,1.58
02:30.9,19,2017,1.58,1.58
02:31.0,19,2026,1.58,1.58
02:31.1,19,2045,1.46,1.46
02:31.2,22,2065,1.46,1.46
02:31.2,22,2082,1.46,1.46
02:31.3,22,2096,1.46,1.46
02:31.3,22,2103,1.46,1.46
02:31.4,22,2100,1.46,1.46
02:31.5,22,2094,1.46,1.46
02:31.5,22,2099,1.48,1.48
02:31.6,22,2094,1.48,1.48
02:31.7,25,2073,1.48,1.48
02:31.7,25,2036,1.48,1.48
02:31.8,25,1875,1.48,1.48
02:31.9,25,1754,1.48,1.48
02:31.9,25,1646,1.48,1.48
02:32.0,25,1542,1.48,1.48
02:32.1,27,1466,1.52,1.52
02:32.1,27,1413,1.52,1.52
02:32.2,27,1398,1.52,1.52
02:32.3,27,1436,1.52,1.52
02:32.3,27,1460,1.52,1.52
02:32.4,27,1450,1.52,1.52
02:32.5,27,1457,1.52,1.52
02:32.6,29,1500,1.52,1.52
02:32.6,29,1522,1.54,1.54
02:32.7,29,1558,1.54,1.54
02:32.8,29,1645,1.54,1.54
02:32.9,29,1714,1.54,1.54
02:32.9,29,1783,1.54,1.54
02:33.0,29,1850,1.54,1.54
02:33.1,31,1882,1.54,1.54
02:33.1,31,1903,1.74,1.74
02:33.2,31,1964,1.74,1.74
02:33.3,31,2014,1.74,1.74
02:33.3,31,2062,1.74,1.74
02:33.4,31,2080,1.74,1.74
02:33.4,31,2098,1.74,1.74
02:33.5,33,2115,1.74,1.74